{
  "project_info": {
    "project_number": "874838296491",
    "firebase_url": "https://triviagame-2e647.firebaseio.com",
    "project_id": "triviagame-2e647",
    "storage_bucket": "triviagame-2e647.appspot.com"
  },
  "client": [
    {
      "client_info": {
        "mobilesdk_app_id": "1:874838296491:android:b73a987fdce9088c",
        "android_client_info": {
          "package_name": "edu.cs1699.pitt.edu.triviagame"
        }
      },
      "oauth_client": [
        {
          "client_id": "874838296491-gt7ug4cc370729cegr5ffj3acs0t7vs4.apps.googleusercontent.com",
          "client_type": 1,
          "android_info": {
            "package_name": "edu.cs1699.pitt.edu.triviagame",
            "certificate_hash": "1b6c21cc504ed8e74bc536495efa6f5735d7b3e1"
          }
        },
        {
          "client_id": "874838296491-kllhd6om09jju867vb9oltoeo2urt4g3.apps.googleusercontent.com",
          "client_type": 3
        }
      ],
      "api_key": [
        {
          "current_key": "AIzaSyAg7BsWaVXggGY1HnpX--hIXDlb8902gsk"
        }
      ],
      "services": {
        "analytics_service": {
          "status": 1
        },
        "appinvite_service": {
          "status": 2,
          "other_platform_oauth_client": [
            {
              "client_id": "874838296491-kllhd6om09jju867vb9oltoeo2urt4g3.apps.googleusercontent.com",
              "client_type": 3
            }
          ]
        },
        "ads_service": {
          "status": 2
        }
      }
    }
  ],
  "configuration_version": "1"
}